en,ge,tr,fr,de,pt,nl,es,it,cn,no,se,dk,cs,pl,gr,jp,kr
now,ახლა,şimdi,maintenant,jetzt,agora,nu,ahora,adesso,现在,nå,nu,nu,Nyní,teraz,τώρα,今,지금
rank,პოზიცია,rütbe,rang,Rang,classificação,rang,rango,rango,秩,rang,rang,rang,hodnost,ranga,τάξη,順位,계급
venezuela,ვენესუელა,venezuela,Venezuela,Venezuela,Venezuela,Venezuela,Venezuela,Venezuela,委内瑞拉,venezuela,venezuela,venezuela,Venezuela,Wenezuela,Βενεζουέλα,ベネズエラ,베네수엘라
help with translation,თარგმნაში დახმარება,çeviri ile yardım,aide à la traduction,Hilfe bei der Übersetzung,ajuda com tradução,hulp bij het vertalen,ayuda con la traducción,assistenza di un traduttore,通过翻译的帮助,hjelp med oversettelse,hjälp med översättning,hjælp til oversættelse,pomoc s překladem,pomoc w tłumaczeniu,βοήθεια με τη μετάφραση,翻訳のヘルプ,번역에 대한 도움말
from yesterday,სხვაობა წინა დღესთან,dünden,d'hier,von gestern,de ontem,van gisteren,de ayer,da ieri,从昨天,fra i går,från igår,fra i går,od včerejška,od wczoraj,από χθες,昨日から,어제
yesterday,წინა დღის,dün,hier,gestern,ontem,gisteren,ayer,ieri,昨天,i går,i går,i går,včera,wczoraj,εχθές,昨日,어제
Pause,პაუზა,Duraklat,Pause,Pause,Pausa,Pauze,Pausa,Pausa,暂停,Pause,Paus,Pause,Pauza,Pauza,Παύση,休止,중지
play,დრო,zaman,temps,Zeit,Tempo,tijd,hora,play,时间,spille,spela,Spil,hrát si,grać,παίζω,演奏する,플레이
cases,ყველა შემთხვ.,vakalar,cas,Fälle,casos,gevallen,casos,casi,例,saker,fall,sager,případy,przypadki,περιπτώσεις,ケース,경우
deaths,გარდაიცვალა,ölümler,des morts,Todesfälle,mortes,sterfgevallen,muertes,morti,死亡,dødsfall,dödsfall,dødsfald,úmrtí,zgonów,θάνατοι,死亡,사망
recovered,გამოჯანმრთელდა,geri kazanılan,rétabli,zurückgewonnen,recuperados,hersteld,recuperado,recuperato,恢复,gjenvunnet,utvanns,inddrives,zpět,odzyskany,ανάκτηση,回復,회복 된
death rate,სიკვდილიანობა,ölüm oranı,taux de mortalité,Todesrate,índice de mortalidade,sterftecijfer,índice de mortalidad,tasso di mortalità,死亡率,dødsrate,dödstal,døds rate,úmrtnost,śmiertelność,θνησιμότητα,死亡率,사망률
corona virus,კორონა ვირუსი,korona virüsü,virus corona,Coronavirus,vírus corona,coronavirus,virus de la corona,corona virus,新冠病毒,coronavirus,coronavirus,corona-virus,KORONAVIRUS,wirus corona,κορωνοϊός,コロナウイルス,코로나 바이러스
diff from,სხვაობა,dan fark,difereça de,diff aus,diff de,diff van,diff,diff da,从差异,diff fra,diff från,diff fra,diff od,Różnica względem,διαφορά από,からの差分,에서 DIFF
diff,სხვაობა,diff,diff,diff,diferença,diff,diff,diff,DIFF,diff,diff,diff,diff,diff,diff,差分,DIFF
top,top,üst,Haut,oben,topo,top,parte superior,superiore,最佳,topp,topp,top,horní,Top,μπλουζα,上,상단
world,მსოფლიო,Dünya,monde,Welt,mundo,wereld,mundo,mondo,世界,verden,värld,verden,svět,świat,κόσμος,世界,세계
europe,ევროპა,Avrupa,L'Europe ,Europa,Europa,Europa,Europa,Europa,欧洲,Europa,Europa,Europa,Evropa,Europa,Ευρώπη,ヨーロッパ,유럽
asia,აზია,Asya,Asie,Asien,Ásia,Azië,Asia,Asia,亚洲,Asia,Asien,Asien,Asie,Azja,Ασία,アジア,아시아
africa,აფრიკა,Afrika,Afrique,Afrika,África,Afrika,África,Africa,非洲,Afrika,afrika,Afrika,Afrika,Afryka,Αφρική,アフリカ,아프리카
north america,ჩრდ. ამერიკა,Kuzey Amerika,Amérique du Nord,Nordamerika,América do Norte,Noord Amerika,Norteamérica,Nord America,北美,Nord Amerika,Nordamerika,Nordamerika,Severní Amerika,Ameryka północna,Βόρεια Αμερική,北米,북아메리카
south america,სამხ. ამერიკა,Güney Amerika,Amérique du Sud,Südamerika,América do Sul,Zuid-Amerika,Sudamerica,Sud America,南美洲,Sør Amerika,Sydamerika,Sydamerika,Jižní Amerika,Ameryka Południowa,νότια Αμερική,南アメリカ,남아메리카
australia,ავსტრალია,Avustralya,Australie,Australien,Austrália,Australië,Australia,Australia,澳大利亚,Australia,Australien,Australien,Austrálie,Australia,Αυστραλία,オーストラリア,호주
new deaths,ახალი მსხვერპლი,yeni ölüm,nouveaux décès,neue Todesfälle,novas mortes,nieuwe sterfgevallen,nuevas muertes,nuovi decessi,新的死亡,nye dødsfall,nya dödsfall,nye dødsfald,nové úmrtí,nowe zgony,νέα θανάτους,新しい死亡,새로운 사망
new fatalities,ახალი მსხვერპლი,yeni ölümlerin,nouveaux décès,neue Todesfälle,novas mortes,nieuwe dodelijke slachtoffers,nuevas víctimas mortales,nuovi decessi,新死亡,nye dødsfall,nya dödsfall,nye dødsfald,nové osudovosti,nowe ofiary śmiertelne,νέα θανάτων,新しい死亡,새로운 사망자
total fatalities,გარდაცვლილთა რაოდ.,toplam can kaybı,nombre total de décès,insgesamt Todesfälle,fatalidades totais,totaal doden,el total de muertes,incidenti mortali totali,总死亡人数,totale dødsfall,totala dödsfall,samlede dødsfald,celkový počet obětí,Wszystkich ofiar śmiertelnych,συνολικά θανάτους,総死亡者,총 사망자 수
total recovered,გამოჯანმრთელდა,toplam geri,totale récupérée,insgesamt zurückgewonnen,total recuperado,totaal hersteld,total recuperado,totale recuperato,总回复,totalt gjenvunnet,totala utvunna,samlede genvundet,celková zotavil,całkowita odzyskana,συνολική ανάκτηση,合計が回収しました,총 복구
death rates (%),სიკვდილიანობა (%),ölüm oranları (%),taux de mortalité (%),Todesraten (%),as taxas de mortalidade (%),sterftecijfers (%),las tasas de mortalidad (%),i tassi di mortalità (%),死亡率（％）,dødelighet (%),dödstal (%),dødeligheden (%),úmrtnost (%),śmiertelność (%),τα ποσοστά θανάτου (%),死亡率（％）,사망률 (%)
fatality rate (%),სიკვდილიანობა (%),Ölüm oranı (%),taux de mortalité (%),Sterblichkeitsrate (%),índice de fatalidade (%),sterftecijfer (%),tasa de fatalidad (%),tasso di mortalità (%),死亡率（％）,dødelighet (%),dödligheten (%),dødeligheden (%),úmrtnost (%),Współczynnik śmiertelności (%),ποσοστό θνησιμότητας (%),死亡率（％）,치사율 (%)
active cases,აქტიური შემთხვ.,aktif vakaları,cas actifs,aktive Fälle,casos ativos,actieve zaken,casos activos,casi attivi,活跃的情况下，,aktive saker,aktiva fall,aktive sager,aktivními případy,aktywnych przypadki,εκκρεμών υποθέσεων,アクティブの場合,활성화 된 경우
existing cases,აქტიური შემთხვ.,varolan vakalar,les cas existants,Altfälle,casos existentes,bestaande gevallen,casos existentes,casi esistenti,现有案例,eksisterende tilfeller,existerande fall,eksisterende sager,stávající případy,istniejące przypadki,υπάρχουσες υποθέσεις,既存の例,기존의 경우
new cases,ახალი შემთხვ.,yeni vaka,nouveaux cas,Neuerkrankungen,novos casos,nieuwe gevallen,nuevos casos,nuovi casi,新病例,nye tilfeller,nya fall,nye tilfælde,nových případů,nowych przypadków,νέες περιπτώσεις,新しいケース,새로운 사례
total cases,ყველა შემთხვ.,toplam vaka,Le total des cas,Gesamt Fälle,total de casos,totaal gevallen,el total de casos,casi totali,总病例,totale tilfeller,totala antal fall,samlede sager,celkové případy,Wszystkich przypadków,συνολικά περιπτώσεις,総症例,총 경우
January,იანვარი,Ocak,janvier,Januar,janeiro,januari,enero,gennaio,一月,januar,januari,januar,leden,styczeń,Ιανουάριος,1月,일월
February,თებერვალი,Şubat,février,Februar,fevereiro,februari,febrero,febbraio,二月,februar,februari,februar,Únor,luty,Φεβρουάριος,2月,이월
March,მარტი,Mart,Mars,März,março,maart,marzo,marzo,三月,mars,Mars,marts,březen,Marsz,Μάρτιος,行進,행진
April,აპრილი,Nisan,avril,April,abril,april,abril,aprile,四月,april,april,April,duben,kwiecień,Απρίλιος,四月,4 월
May,მაისი,Mayıs,Mai,Kann,maio,mei,Mayo,Maggio,可以,Kan,Maj,Kan,Smět,Może,Ενδέχεται,五月,할 수있다
June,ივნისი,Haziran,juin,Juni,junho,juni,junio,giugno,六月,juni,juni,juni,červen,czerwiec,Ιούνιος,六月,유월
July,ივლისი,Temmuz,juillet,Juli,julho,juli,julio,luglio,七月,juli,juli,juli,červenec,lipiec,Ιούλιος,七月,칠월
August,აგვისტო,Ağustos,août,August,agosto,augustus,agosto,agosto,八月,august,augusti,august,srpen,sierpień,Αύγουστος,八月,팔월
Mauritius,მავრიტანია,Mauritius,Ile Maurice,Mauritius,Mauritius,Mauritius,Isla mauricio,Mauritius,毛里求斯,Mauritius,Mauritius,Mauritius,Mauritius,Mauritius,Μαυρίκιος,モーリシャス,모리셔스
September,სექტემბერი,Eylül,septembre,September,setembro,september,septiembre,settembre,九月,september,september,september,září,wrzesień,Σεπτέμβριος,九月,구월
October,ოქტომბერი,Ekim,octobre,Oktober,outubro,oktober,octubre,ottobre,十月,oktober,oktober,oktober,říjen,październik,Οκτώβριος,10月,십월
November,ნოემბერი,Kasım,novembre,November,novembro,november,noviembre,novembre,十一月,november,november,november,listopad,listopad,Νοέμβριος,十一月,십일월
December,დეკემბერი,Aralık,décembre,Dezember,dezembro,december,diciembre,dicembre,十二月,desember,december,december,prosinec,grudzień,Δεκέμβριος,12月,12 월
Afghanistan,ავღანეთი,Afganistan,Afghanistan,Afghanistan,Afeganistão,Afghanistan,Afganistán,afghanistan,阿富汗,Afghanistan,Afghanistan,Afghanistan,Afghánistán,Afganistan,Αφγανιστάν,アフガニスタン,아프가니스탄
Albania,ალბანეთი,Arnavutluk,Albanie,Albanien,Albânia,Albanië,Albania,Albania,阿尔巴尼亚,albania,Albanien,Albanien,Albánie,Albania,Αλβανία,アルバニア,알바니아
Algeria,ალჯირი,Cezayir,Algérie,Algerien,Argélia,Algerije,Argelia,algeria,阿尔及利亚,Algerie,algeriet,Algeriet,Alžírsko,Algieria,Αλγερία,アルジェリア,알제리
Andorra,ანდორა,Andorra,Andorre,Andorra,Andorra,Andorra,Andorra,Andorra,安道尔,Andorra,andorra,Andorra,Andorra,Andora,Ανδόρα,アンドラ,안도라
Antigua and Barbuda,ანტიგუა და ბარბუდა,Antigua ve Barbuda,Antigua-et-Barbuda,Antigua und Barbuda,Antígua e Barbuda,Antigua en Barbuda,Antigua y Barbuda,Antigua e Barbuda,安提瓜和巴布达,Antigua og Barbuda,Antigua och Barbuda,Antigua og Barbuda,Antigua a Barbuda,Antigua i Barbuda,Αντίγκουα και Μπαρμπούντα,アンティグア・バーブーダ,앤티가 바부 다
Argentina,არგენტინა,Arjantin,Argentine,Argentinien,Argentina,Argentinië,Argentina,Argentina,阿根廷,Argentina,argentina,Argentina,Argentina,Argentyna,Αργεντίνη,アルゼンチン,아르헨티나
Armenia,სომხეთი,Ermenistan,Arménie,Armenien,Armênia,Armenië,Armenia,Armenia,亚美尼亚,Armenia,Armenien,Armenien,Arménie,Armenia,Αρμενία,アルメニア,아르메니아
Aruba,არუბა,Aruba,Aruba,Aruba,Aruba,Aruba,Aruba,aruba,阿鲁巴,Aruba,Aruba,Aruba,Aruba,Aruba,Αρούμπα,アルバ,아루바
Australia,ავსტრალია,Avustralya,Australie,Australien,Austrália,Australië,Australia,Australia,澳大利亚,Australia,Australien,Australien,Austrálie,Australia,Αυστραλία,オーストラリア,호주
Austria,ავსტრია,Avusturya,L'Autriche,Österreich,Áustria,Oostenrijk,Austria,Austria,奥地利,Østerrike,österrike,Østrig,Rakousko,Austria,Αυστρία,オーストリア,오스트리아
Azerbaijan,აზერბაიჯანი,Azerbeycan,Azerbaïdjan,Aserbaidschan,Azerbaijão,Azerbeidzjan,Azerbaiyán,Azerbaijan,阿塞拜疆,Aserbajdsjan,Azerbajdzjan,Aserbajdsjan,Ázerbajdžán,Azerbejdżan,Αζερμπαϊτζάν,アゼルバイジャン,아제르바이잔
Bahrain,ბაჰრეინი,Bahreyn,Bahreïn,Bahrein,Bahrain,Bahrein,Bahrein,Bahrain,巴林,Bahrain,Bahrain,Bahrain,Bahrain,Bahrajn,Μπαχρέιν,バーレーン,바레인
Bangladesh,ბანგლადეში,Bangladeş,Bangladesh,Bangladesch,Bangladesh,Bangladesh,Bangladesh,Bangladesh,孟加拉国,Bangladesh,Bangladesh,Bangladesh,Bangladéš,Bangladesz,Μπαγκλαντές,バングラデシュ,방글라데시
Belarus,ბელორუსია,Belarus,Biélorussie,Weißrussland,Belarus,Wit-Rusland,Bielorrusia,Bielorussia,白俄罗斯,Hviterussland,Vitryssland,Hviderusland,Bělorusko,Białoruś,Λευκορωσία,ベラルーシ,벨라루스
Belgium,ბელგია,Belçika,Belgique,Belgien,Bélgica,België,Bélgica,Belgio,比利时,Belgia,belgien,Belgien,Belgie,Belgia,Βέλγιο,ベルギー,벨기에
Bhutan,ბუტანის,Butan,Bhoutan,Bhutan,Butão,Bhutan,Bután,Bhutan,不丹,Bhutan,bhutan,Bhutan,Bhútán,Bhutan,Μπουτάν,ブータン,부탄
Bolivia,ბოლივიის,Bolivya,Bolivie,Bolivien,Bolívia,Bolivia,Bolivia,Bolivia,玻利维亚,Bolivia,Bolivia,Bolivia,Bolívie,Boliwia,Βολιβία,ボリビア,볼리비아
Bosnia and Herzegovina,ბოსნია და ჰერცოგოვინა,Bosna Hersek,Bosnie Herzégovine,Bosnien und Herzegowina,Bósnia e Herzegovina,Bosnië-Herzegovina,Bosnia y Herzegovina,Bosnia Erzegovina,波斯尼亚和黑塞哥维那,Bosnia og Herzegovina,Bosnien och Hercegovina,Bosnien-Hercegovina,Bosna a Hercegovina,Bośnia i Hercegowina,Βοσνία και Ερζεγοβίνη,ボスニア・ヘルツェゴビナ,보스니아 헤르체고비나
Brazil,ბრაზილია,Brezilya,Brésil,Brasilien,Brasil,Brazilië,Brasil,Brasile,巴西,Brasil,Brasilien,Brasilien,Brazílie,Brazylia,Βραζιλία,ブラジル,브라질
Brunei,ბრუნეი,Brunei,Brunei,Brunei,Brunei,Brunei,Brunei,Brunei,文莱,Brunei,Brunei,Brunei,Brunej,Brunei,Μπρουνέι,ブルネイ,브루나이
Bulgaria,ბულგარეთი,Bulgaristan,Bulgarie,Bulgarien,Bulgária,Bulgarije,Bulgaria,Bulgaria,保加利亚,Bulgaria,bulgarien,Bulgarien,Bulharsko,Bułgaria,Βουλγαρία,ブルガリア,불가리아
Burkina Faso,ბურკინა ფასო,Burkina Faso,Burkina Faso,Burkina Faso,Burkina Faso,Burkina Faso,Burkina Faso,Burkina Faso,布基纳法索,Burkina Faso,Burkina Faso,Burkina Faso,Burkina Faso,Burkina Faso,Μπουρκίνα Φάσο,ブルキナファソ,부키 나 파소
Cambodia,კამბოჯა,Kamboçya,Cambodge,Kambodscha,Camboja,Cambodja,Camboya,Cambogia,柬埔寨,Kambodsja,Kambodja,Cambodja,Kambodža,Kambodża,Καμπότζη,カンボジア,캄보디아
Cameroon,კამერუნი,Kamerun,Cameroun,Kamerun,Camarões,Kameroen,Camerún,Camerun,喀麦隆,Kamerun,Kamerun,Cameroun,Kamerun,Kamerun,Καμερούν,カメルーン,카메룬
Canada,კანადა,Kanada,Canada,Kanada,Canadá,Canada,Canadá,Canada,加拿大,Canada,kanada,Canada,Kanada,Kanada,Καναδάς,カナダ,캐나다
Cayman Islands,კაიმანის კუნძულები,Cayman Adaları,Îles Caïmans,Cayman Inseln,Ilhas Cayman,Kaaiman Eilanden,Islas Caimán,Isole Cayman,开曼群岛,Caymanøyene,Caymanöarna,Caymanøerne,Kajmanské ostrovy,Kajmany,νησιά Καϊμάν,ケイマン諸島,케이맨 제도
Chile,ჩილე,Şili,Chili,Chile,Chile,Chili,Chile,Chile,智利,Chile,Chile,Chile,Chile,Chile,χιλή,チリ,칠레
China,ჩინეთი,Çin,Chine,China,China,China,China,Cina,中国,Kina,Kina,Kina,Čína,Chiny,Κίνα,中国,중국
Colombia,კოლუმბია,Kolombiya,Colombie,Kolumbien,Colômbia,Colombia,Colombia,Colombia,哥伦比亚,Colombia,colombia,Colombia,Kolumbie,Kolumbia,Κολομβία,コロンビア,콜롬비아
Congo,კონგო,Kongo,Congo,Kongo,Congo,Congo,Congo,Congo,刚果,Kongo,kongo,Congo,Congo,Kongo,Κογκό,コンゴ,콩고
Costa Rica,კოსტა - რიკა,Kostarika,Costa Rica,Costa Rica,Costa Rica,Costa Rica,Costa Rica,Costa Rica,哥斯达黎加,Costa Rica,Costa Rica,Costa Rica,Kostarika,Kostaryka,Κόστα Ρίκα,コスタリカ,코스타리카
Cote d'Ivoire,კოტ დივუარი,Fildişi Sahili,Côte d'Ivoire,Cote d'Ivoire,Cote d'Ivoire,Cote d'Ivoire,Costa de Marfil,Costa d'Avorio,科特迪瓦,Elfenbenskysten,Elfenbenskusten,Elfenbenskysten,Pobřeží slonoviny,Wybrzeże Kości Słoniowej,Ακτή Ελεφαντοστού,コートジボアール,코트 디부 아르
Croatia,ხორვატია,Hırvatistan,Croatie,Kroatien,Croácia,Kroatië,Croacia,Croazia,克罗地亚,Kroatia,kroatien,Kroatien,Chorvatsko,Chorwacja,Κροατία,クロアチア,크로아티아
Cuba,კუბა,Küba,Cuba,Kuba,Cuba,Cuba,Cuba,Cuba,古巴,Cuba,kuba,Cuba,Kuba,Kuba,Κούβα,キューバ,쿠바
Cyprus,კვიპროსი,Kıbrıs,Chypre,Zypern,Chipre,Cyprus,Chipre,Cipro,塞浦路斯,Kypros,cypern,Cypern,Kypr,Cypr,Κύπρος,キプロス,키프로스
Czech Republic,ჩეხეთის რესპუბლიკა,Çek Cumhuriyeti,République Tchèque,Tschechische Republik,República Checa,Tsjechië,Republica checa,Repubblica Ceca,捷克共和国,Tsjekkisk Republikk,Tjeckien,Tjekkiet,Česká republika,Republika Czeska,Τσεχική Δημοκρατία,チェコ共和国,체코 공화국
Denmark,დანია,Danimarka,Danemark,Dänemark,Dinamarca,Denemarken,Dinamarca,Danimarca,丹麦,Danmark,Danmark,Danmark,Dánsko,Dania,Δανία,デンマーク,덴마크
Diamond Princess,საკრუიზო გემი,Elmas Prenses,diamond Princess,diamond Princess,diamond Princess,Diamond Princess,Diamond Princess,Diamond Princess,钻石公主号,Diamond Princess,Diamond Princess,Diamond Princess,Diamond Princess,diamond Princess,Diamond Princess,ダイヤモンドプリンセス,다이아몬드 프린세스
Dominican Republic,დომინიკის რესპუბლიკა,Dominik Cumhuriyeti,République Dominicaine,Dominikanische Republik,República Dominicana,Dominicaanse Republiek,República Dominicana,Repubblica Dominicana,多明尼加共和国,den dominikanske republikk,Dominikanska republiken,Dominikanske republik,Dominikánská republika,Republika Dominikany,Δομινικανή Δημοκρατία,ドミニカ共和国,도미니카 공화국
Ecuador,ეკვადორი,Ekvador,Equateur,Ecuador,Equador,Ecuador,Ecuador,Ecuador,厄瓜多尔,Ecuador,ecuador,Ecuador,Ekvádor,Ekwador,Εκουαδόρ,エクアドル,에콰도르
Egypt,ეგვიპტე,Mısır,Egypte,Ägypten,Egito,Egypte,Egipto,Egitto,埃及,Egypt,egypten,Egypten,Egypt,Egipt,Αίγυπτος,エジプト,이집트
Estonia,ესტონეთი,Estonya,Estonie,Estland,Estônia,Estland,Estonia,Estonia,爱沙尼亚,Estland,estland,Estland,Estonsko,Estonia,Εσθονία,エストニア,에스토니아
Ethiopia,ეთიოპია,Etiyopya,Ethiopie,Äthiopien,Etiópia,Ethiopië,Etiopía,Etiopia,埃塞俄比亚,Etiopia,etiopien,Etiopien,Etiopie,Etiopia,Αιθιοπία,エチオピア,에티오피아
Finland,ფინეთი,Finlandiya,Finlande,Finnland,Finlândia,Finland,Finlandia,Finlandia,芬兰,Finland,finland,Finland,Finsko,Finlandia,Φινλανδία,フィンランド,핀란드
France,საფრანგეთი,Fransa,France,Frankreich,França,Frankrijk,Francia,Francia,法国,Frankrike,Frankrike,Frankrig,Francie,Francja,Γαλλία,フランス,프랑스
French Guiana,ფრანგული გუიანა,Fransız Guyanası,Guyane Française,Französisch-Guayana,Guiana Francesa,Frans-Guyana,Guayana francés,Guiana francese,法属圭亚那,fransk Guyana,Franska Guyana,Fransk Guiana,francouzské Guyany,Gujana Francuska,Γαλλική Γουιάνα,フランス領ギアナ,프랑스 령 기아나
Georgia,საქართველო,Gürcistan,Géorgie,Georgia,Georgia,Georgië,Georgia,Georgia,格鲁吉亚,Georgia,georgien,Georgien,Georgia,Gruzja,Γεωργία,ジョージア,그루지야
Germany,გერმანია,Almanya,Allemagne,Deutschland,Alemanha,Duitsland,Alemania,Germania,德国,Tyskland,Tyskland,Tyskland,Německo,Niemcy,Γερμανία,ドイツ,독일
Greece,საბერძნეთი,Yunanistan,Grèce,Griechenland,Grécia,Griekenland,Grecia,Grecia,希腊,Hellas,Grekland,Grækenland,Řecko,Grecja,Ελλάδα,ギリシャ,그리스
Guadeloupe,გვადალუპე,Guadeloupe,Guadeloupe,Guadeloupe,Guadalupe,Guadeloupe,Guadalupe,Guadeloupe,瓜德罗普岛,Guadeloupe,Guadeloupe,Guadeloupe,Guadeloupe,Gwadelupa,Γουαδελούπη,グアドループ,과들루프
Guinea,გვინეა,Gine,Guinée,Guinea,Guiné,Guinea,Guinea,Guinea,几内亚,Guinea,Guinea,Guinea,Guinea,Gwinea,Γκινέα,ギニア,기니
Guyana,გაიანა,Guyana,Guyane,Guyana,Guiana,Guyana,Guayana,Guyana,圭亚那,Guyana,Guyana,Guyana,Guyana,Gujana,Γουιάνα,ガイアナ,가이아나
Honduras,ჰონდურასი,Honduras,Honduras,Honduras,Honduras,Honduras,Honduras,Honduras,洪都拉斯,Honduras,Honduras,Honduras,Honduras,Honduras,Ονδούρα,ホンジュラス,온두라스
Hungary,უნგრეთი,Macaristan,Hongrie,Ungarn,Hungria,Hongarije,Hungría,Ungheria,匈牙利,Ungarn,Ungern,Ungarn,Maďarsko,Węgry,Ουγγαρία,ハンガリー,헝가리
Iceland,ისლანდია,İzlanda,Islande,Island,Islândia,IJsland,Islandia,Islanda,冰岛,Island,Island,Island,Island,Islandia,Ισλανδία,アイスランド,아이슬란드
India,ინდოეთი,Hindistan,Inde,Indien,Índia,Indië,India,India,印度,India,Indien,Indien,Indie,Indie,Ινδία,インド,인도
Indonesia,ინდონეზია,Endonezya,Indonésie,Indonesien,Indonésia,Indonesië,Indonesia,Indonesia,印度尼西亚,Indonesia,indonesien,Indonesien,Indonésie,Indonezja,Ινδονησία,インドネシア,인도네시아
Iran,ირანი,İran,Iran,Iran,Iran,Iran,Iran,Iran,伊朗,Iran,iran,Iran,Írán,Iran,Ιράν,イラン,이란
Iraq,ერაყი,Irak,Irak,Irak,Iraque,Irak,Irak,Iraq,伊拉克,Irak,irak,Irak,Irák,Irak,Ιράκ,イラク,이라크
Ireland,ირლანდია,İrlanda,Irlande,Irland,Irlanda,Ierland,Irlanda,Irlanda,爱尔兰,Irland,irland,Irland,Irsko,Irlandia,Ιρλανδία,アイルランド,아일랜드
Israel,ისრაელი,İsrail,Israël,Israel,Israel,Israël,Israel,Israele,以色列,Israel,Israel,Israel,Izrael,Izrael,Ισραήλ,イスラエル,이스라엘
Italy,იტალია,İtalya,Italie,Italien,Itália,Italië,Italia,Italia,意大利,Italia,Italien,Italien,Itálie,Włochy,Ιταλία,イタリア,이탈리아
Jamaica,იამაიკა,Jamaika,Jamaïque,Jamaika,Jamaica,Jamaica,Jamaica,Giamaica,牙买加,Jamaica,Jamaica,Jamaica,Jamaica,Jamajka,Ιαμαϊκή,ジャマイカ,자메이카
Japan,იაპონია,Japonya,Japon,Japan,Japão,Japan,Japón,Giappone,日本,Japan,Japan,Japan,Japonsko,Japonia,Ιαπωνία,日本,일본
Jordan,იორდანია,Ürdün,Jordan,Jordan,Jordânia,Jordanië,Jordán,Giordania,约旦,Jordan,Jordanien,Jordan,Jordán,Jordania,Ιορδανία,ヨルダン,요르단
Kazakhstan,ყაზახეთი,Kazakistan,Kazakhstan,Kasachstan,Cazaquistão,Kazachstan,Kazajstán,Kazakistan,哈萨克斯坦,Kasakhstan,Kazakstan,Kasakhstan,Kazachstán,Kazachstan,Καζακστάν,カザフスタン,카자흐스탄
Kenya,კენია,Kenya,Kenya,Kenia,Quênia,Kenia,Kenia,Kenia,肯尼亚,Kenya,kenya,Kenya,Keňa,Kenia,Κενύα,ケニア,케냐
Kuwait,ქუვეითი,Kuveyt,Koweit,Kuwait,Kuweit,Koeweit,Kuwait,Kuwait,科威特,Kuwait,kuwait,Kuwait,Kuvajt,Kuwejt,Κουβέιτ,クウェート,쿠웨이트
Latvia,ლატვია,Letonya,Lettonie,Lettland,Letônia,Letland,Letonia,Lettonia,拉脱维亚,Latvia,lettland,Letland,Lotyšsko,Łotwa,Λετονία,ラトビア,라트비아
Lebanon,ლიბანი,Lübnan,Liban,Libanon,Líbano,Libanon,Líbano,Libano,黎巴嫩,Libanon,libanon,Libanon,Libanon,Liban,Λίβανος,レバノン,레바논
Liechtenstein,ლიხტენშტეინი,Lihtenştayn,Liechtenstein,Liechtenstein,Liechtenstein,Liechtenstein,Liechtenstein,Liechtenstein,列支敦士登,Liechtenstein,liechtenstein,Liechtenstein,Lichtenštejnsko,Liechtenstein,Λιχτενστάιν,リヒテンシュタイン,리히텐슈타인
Lithuania,ლიტვა,Litvanya,Lituanie,Litauen,Lituânia,Litouwen,Lituania,Lituania,立陶宛,Litauen,litauen,Litauen,Litva,Litwa,Λιθουανία,リトアニア,리투아니아
Luxembourg,ლუქსემბურგი,Lüksemburg,Luxembourg,Luxemburg,Luxemburgo,Luxemburg,Luxemburgo,Lussemburgo,卢森堡,Luxembourg,luxemburg,Luxembourg,Lucembursko,Luksemburg,Λουξεμβούργο,ルクセンブルク,룩셈부르크
Malaysia,მალაიზია,Malezya,Malaisie,Malaysia,Malásia,Maleisië,Malasia,Malaysia,马来西亚,Malaysia,malaysia,Malaysia,Malajsie,Malezja,Μαλαισία,マレーシア,말레이시아
Maldives,მალდივები,Maldivler,Maldives,Malediven,Maldivas,Maldiven,Maldivas,Maldive,马尔代夫,Maldivene,Maldiverna,Maldiverne,Maledivy,Malediwy,Μαλδίβες,モルディブ,몰디브
Malta,მალტა,Malta,Malte,Malta,Malta,Malta,Malta,Malta,马耳他,Malta,Malta,Malta,Malta,Malta,Μάλτα,マルタ,몰타
Martinique,Martinique,Martinik,Martinique,Martinique,Martinique,Martinique,Martinica,Martinique,马提尼克,Martinique,Martinique,Martinique,Martinique,Martynika,Μαρτινίκα,マルティニーク,마르티니크
Mexico,მექსიკა,Meksika,Mexique,Mexiko,México,Mexico,México,Messico,墨西哥,Mexico,mexico,Mexico,Mexiko,Meksyk,Μεξικό,メキシコ,멕시코
Moldova,მოლდოვა,Moldova,Moldavie,Moldawien,Moldova,Moldavië,Moldavia,Moldova,摩尔多瓦,Moldova,Moldavien,Moldova,Moldavsko,Moldova,Μολδαβία,モルドバ,몰르 더바
Monaco,მონაკო,Monako,Monaco,Monaco,Monaco,Monaco,Mónaco,Monaco,摩纳哥,Monaco,Monaco,Monaco,Monaco,Monaco,Μονακό,モナコ,모나코
Mongolia,მონღოლეთი,Moğolistan,Mongolie,Mongolei,Mongólia,Mongolië,Mongolia,Mongolia,蒙古,Mongolia,mongoliet,Mongoliet,Mongolsko,Mongolia,Μογγολία,モンゴル,몽골리아
Morocco,მოროკო,Fas,Maroc,Marokko,Marrocos,Marokko,Marruecos,Marocco,摩洛哥,Marokko,Marocko,Marokko,Maroko,Maroko,Μαρόκο,モロッコ,모로코
Nepal,ნეპალი,Nepal,Népal,Nepal,Nepal,Nepal,Nepal,Nepal,尼泊尔,Nepal,nepal,Nepal,Nepál,Nepal,Νεπάλ,ネパール,네팔
Netherlands,ნიდერლანდები,Hollanda,Pays-Bas,Niederlande,Países Baixos,Nederland,Países Bajos,Olanda,荷兰,Nederland,nederländerna,Holland,Holandsko,Holandia,Ολλανδία,オランダ,네덜란드
New Zealand,Ახალი ზელანდია,Yeni Zelanda,Nouvelle-Zélande,Neuseeland,Nova Zelândia,Nieuw-Zeeland,Nueva Zelanda,Nuova Zelanda,新西兰,New Zealand,Nya Zeeland,New Zealand,Nový Zéland,Nowa Zelandia,Νέα Ζηλανδία,ニュージーランド,뉴질랜드
Nigeria,ნიგერია,Nijerya,Nigeria,Nigeria,Nigéria,Nigeria,Nigeria,Nigeria,尼日利亚,Nigeria,nigeria,Nigeria,Nigérie,Nigeria,Νιγηρία,ナイジェリア,나이지리아
North Macedonia,ჩრდ. მაკედონია,Kuzey Makedonya,Macédoine du Nord,Nord Mazedonien,Norte Macedônia,Noord-Macedonië,Norte Macedonia,Nord Macedonia,北马其顿,nord-Makedonia,North Makedonien,North Makedonien,Severní Makedonie,Północna Macedonia,Βόρεια Μακεδονία,北マケドニア,북 마케도니아
Norway,ნორვეგია,Norveç,Norvège,Norwegen,Noruega,Noorwegen,Noruega,Norvegia,挪威,Norge,Norge,Norge,Norsko,Norwegia,Νορβηγία,ノルウェー,노르웨이
Oman,ომანი,Umman,Oman,Oman,Omã,Oman,Omán,Oman,阿曼,Oman,oman,Oman,Omán,Oman,Ομάν,オマーン,오만
Pakistan,პაკისტანი,Pakistan,Pakistan,Pakistan,Paquistão,Pakistan,Pakistán,Pakistan,巴基斯坦,Pakistan,pakistan,Pakistan,Pákistán,Pakistan,Πακιστάν,パキスタン,파키스탄
Panama,პანამა,Panama,Panama,Panama,Panamá,Panama,Panamá,Panama,巴拿马,Panama,Panama,Panama,Panama,Panama,Παναμάς,パナマ,파나마
Paraguay,პარაგვაი,Paraguay,Paraguay,Paraguay,Paraguai,Paraguay,Paraguay,Paraguay,巴拉圭,Paraguay,paraguay,Paraguay,Paraguay,Paragwaj,Παραγουάη,パラグアイ,파라과이
Peru,პერუ,Peru,Pérou,Peru,Peru,Peru,Perú,Perù,秘鲁,Peru,peru,Peru,Peru,Peru,Περού,ペルー,페루
Philippines,ფილიპინები,Filipinler,Philippines,Philippinen,Filipinas,Filippijnen,Filipinas,Filippine,菲律宾,Filippinene,filippinerna,Filippinerne,Filipíny,Filipiny,Φιλιππίνες,フィリピン,필리핀 제도
Poland,პოლონეთი,Polonya,Pologne,Polen,Polônia,Polen,Polonia,Polonia,波兰,Polen,polen,Polen,Polsko,Polska,Πολωνία,ポーランド,폴란드
Portugal,პორტუგალია,Portekiz,le Portugal,Portugal,Portugal,Portugal,Portugal,Portogallo,葡萄牙,Portugal,portugal,Portugal,Portugalsko,Portugalia,Πορτογαλία,ポルトガル,포르투갈
Qatar,ყატარი,Katar,Qatar,Katar,Catar,Katar,Katar,Qatar,卡塔尔,Qatar,Qatar,Qatar,Katar,Katar,Κατάρ,カタール,카타르
Reunion,რეუნიონი,birleşme,Réunion,Wiedervereinigung,Reunião,Bijeenkomst,Reunión,Riunione,团圆,Gjenforening,Återförening,Genforening,Shledání,Zjazd,Επανένωση,再会,재결합
Romania,რუმინეთი,Romanya,Roumanie,Rumänien,Romênia,Roemenië,Rumania,Romania,罗马尼亚,Romania,rumänien,Rumænien,Rumunsko,Rumunia,Ρουμανία,ルーマニア,루마니아
Russia,რუსეთი,Rusya,Russie,Russland,Rússia,Rusland,Rusia,Russia,俄国,Russland,ryssland,Rusland,Rusko,Rosja,Ρωσία,ロシア,러시아
San Marino,სან მარინო,San Marino,Saint Marin,San Marino,San Marino,San Marino,San Marino,San Marino,圣马力诺,San Marino,San Marino,San Marino,San Marino,San Marino,Σαν Μαρίνο,サンマリノ,산 마리노
Saudi Arabia,საუდის არაბეთი,Suudi Arabistan,Arabie Saoudite,Saudi Arabien,Arábia Saudita,Saoedi-Arabië,Arabia Saudita,Arabia Saudita,沙特阿拉伯,Saudi-Arabia,Saudiarabien,Saudi Arabien,Saudská arábie,Arabia Saudyjska,Σαουδική Αραβία,サウジアラビア,사우디 아라비아
Senegal,სენეგალი,Senegal,Sénégal,Senegal,Senegal,Senegal,Senegal,Senegal,塞内加尔,Senegal,Senegal,Senegal,Senegal,Senegal,Σενεγάλη,セネガル,세네갈
Serbia,სერბეთი,Sırbistan,Serbie,Serbien,Sérvia,Servië,Serbia,Serbia,塞尔维亚,Serbia,Serbien,Serbien,Srbsko,Serbia,Σερβία,セルビア,세르비아
Singapore,სინგაპური,Singapur,Singapour,Singapur,Cingapura,Singapore,Singapur,Singapore,新加坡,Singapore,Singapore,Singapore,Singapore,Singapur,Σιγκαπούρη,シンガポール,싱가포르
Slovakia,სლოვაკეთი,Slovakya,Slovaquie,Slowakei,Eslováquia,Slowakije,Eslovaquia,Slovacchia,斯洛伐克,Slovakia,Slovakien,Slovakiet,Slovensko,Słowacja,Σλοβακία,スロバキア,슬로바키아
Slovenia,სლოვენია,Slovenya,Slovénie,Slowenien,Eslovenia,Slovenië,Eslovenia,Slovenia,斯洛文尼亚,Slovenia,slovenien,Slovenien,Slovinsko,Słowenia,Σλοβενία,スロベニア,슬로베니아
South Africa,სამხრეთ აფრიკა,Güney Afrika,Afrique du Sud,Südafrika,África do Sul,Zuid-Afrika,Sudáfrica,Sud Africa,南非,Sør-Afrika,Sydafrika,Sydafrika,Jižní Afrika,Afryka Południowa,Νότια Αφρική,南アフリカ,남아프리카
South Korea,სამხრეთ კორეა,Güney Kore,Corée du Sud,Südkorea,Coreia do Sul,Zuid-Korea,Corea del Sur,Corea del Sud,韩国,Sør-Korea,Sydkorea,Sydkorea,Jižní Korea,Korea Południowa,Νότια Κορέα,韓国,대한민국
Spain,ესპანეთი,ispanya,Espagne,Spanien,Espanha,Spanje,España,Spagna,西班牙,Spania,Spanien,Spanien,Španělsko,Hiszpania,Ισπανία,スペイン,스페인
Sri Lanka,შრი ლანკა,Sri Lanka,Sri Lanka,Sri Lanka,Sri Lanka,Sri Lanka,Sri Lanka,Sri Lanka,斯里兰卡,Sri Lanka,Sri Lanka,Sri Lanka,Srí Lanka,Sri Lanka,Σρι Λάνκα,スリランカ,스리랑카
Sudan,სუდანი,Sudan,Soudan,Sudan,Sudão,Soedan,Sudán,Sudan,苏丹,Sudan,Sudan,Sudan,Sudan,Sudan,Σουδάν,スーダン,수단
Sweden,შვედეთი,İsveç,Suède,Schweden,Suécia,Zweden,Suecia,Svezia,瑞典,Sverige,Sverige,Sverige,Švédsko,Szwecja,Σουηδία,スウェーデン,스웨덴
Switzerland,შვეიცარია,İsviçre,Suisse,Schweiz,Suíça,Zwitserland,Suiza,Svizzera,瑞士,Sveits,schweiz,Schweiz,Švýcarsko,Szwajcaria,Ελβετία,スイス,스위스
Taiwan,ტაივანი,Tayvan,Taïwan,Taiwan,Taiwan,Taiwan,Taiwán,Taiwan,台湾,Taiwan,Taiwan,Taiwan,Taiwan,Tajwan,Ταϊβάν,台湾,대만
Thailand,ტაილანდი,Tayland,Thaïlande,Thailand,Tailândia,Thailand,Tailandia,Tailandia,泰国,Thailand,Thailand,Thailand,Thajsko,Tajlandia,Ταϊλάνδη,タイ,태국
Togo,ტოგო,Gitmek,Aller,Gehen,Ir,Gaan,Ir,Andare,多哥,Å gå,Togo,At gå,Jít,Iść,Να πάω,トーゴ,토고
Tunisia,ტუნისი,Tunus,Tunisie,Tunesien,Tunísia,Tunesië,Túnez,Tunisia,突尼斯,Tunisia,tunisien,Tunesien,Tunisko,Tunezja,Τυνησία,チュニジア,튀니지
Turkey,თურქეთი,Türkiye,Turkey,Turkey,Turkey,Turkey,Turkey,Turkey,Turkey,Turkey,Turkey,Turkey,Turkey,Turkey,Turkey,Turkey,Turkey
UAE,არაბთა საემირობი,BAE,Émirats arabes unis,UAE,UAE,VAE,EAU,Emirati Arabi Uniti,阿联酋,UAE,UAE,UAE,UAE,ZEA,ΗΑΕ,UAE,아랍 에미리트
UK,დიდი ბრიტანეთი,UK,Royaume-Uni,Vereinigtes Königreich,Reino Unido,UK,Reino Unido,UK,联合王国,Storbritannia,Storbritannien,UK,Spojené království,UK,Ηνωμένο Βασίλειο,英国,영국
USA,აშშ,Amerika Birleşik Devletleri,Etats-Unis,USA,EUA,Verenigde Staten van Amerika,Estados Unidos,Stati Uniti d'America,美国,USA,USA,USA,Spojené státy americké,USA,ΗΠΑ,米国,미국
Ukraine,უკრაინა,Ukrayna,Ukraine,Ukraine,Ucrânia,Oekraïne,Ucrania,Ucraina,乌克兰,Ukraina,Ukraina,Ukraine,Ukrajina,Ukraina,Ουκρανία,ウクライナ,우크라이나
Vatican City,ვატიკანი,Vatikan Şehri,Cité du Vatican,Vatikanstadt,Cidade do Vaticano,Vaticaanstad,Ciudad del Vaticano,Città del Vaticano,梵蒂冈城,Vatikanet,Vatikanstaten,Vatikanet,Vatikán,Watykan,Η πόλη του Βατικανού,バチカン市,바티칸 시티
Vietnam,ვიეტნამი,Vietnam,Viêt-Nam,Vietnam,Vietnã,Vietnam,Vietnam,Vietnam,越南,Vietnam,vietnam,Vietnam,Vietnam,Wietnam,Βιετνάμ,ベトナム,베트남
Angola,ანგოლა,Angora,Angola,Angola,Angola,Angola,Angola,angola,安哥拉,Angola,Angola,Angola,Angola,Angola,Αγκόλα,アンゴラ,앙골라
Antarctica,ანტარქტიკა,Antarktika,Antarctique,Antarktika,Antártica,Antarctica,Antártida,Antartide,南极洲,Antarktis,Antarktis,Antarktis,Antarctica,Antarktyda,Ανταρκτική,南極大陸,남극 대륙
French Southern and Antarctic Lands,საფრანგეთის სამხრეთული და ანტარქტიდული ტერიტორია,Fransız Güney ve Antarktik,Français Terres Australes et Antarctiques,Französisch Süd- und Antarktisgebiete,Franceses do Sul e Antártica,Franse Zuidelijke en Antarctische gebieden,Meridional francés y Tierras antárticas,Terre australi e antartiche,法国南部和南极领地,Franske sørlige og antarktiske Lands,Franska sydliga och antarktiska Lands,Franske sydlige og antarktiske Lands,Francouzská jižní a antarktická území,Francuskie Terytoria Południowe i Antarktyczne,Γαλλικά νότια και ανταρκτικά εδάφη,フランスの南方・南極地域,프랑스 령 남부 및 남극
Burundi,ბურუნდი,Burundi,Burundi,Burundi,Burundi,Boeroendi,Burundi,Burundi,布隆迪,Burundi,burundi,Burundi,Burundi,Burundi,Μπουρούντι,ブルンジ,부룬디
Benin,ბენინი,Benin,Bénin,Benin,Benin,Benin,Benin,Benin,贝宁,Benin,Benin,Benin,Benin,Benin,Μπενίν,ベニン,베냉
The Bahamas,ბაჰამები,Bahamalar,Les Bahamas,Die Bahamas,As Bahamas,De Bahamas,Las Bahamas,Le Bahamas,巴哈马,Bahamas,Bahamas,Bahamas,Bahamy,Bahamy,Οι Μπαχάμες,バハマ,바하마 제도
Belize,ბელიზი,Belize,Belize,Belize,Belize,Belize,Belice,Belize,伯利兹,Belize,Belize,Belize,Belize,Belize,Μπελίζ,ベリーズ,벨리즈
Botswana,ბოტსვანა,Botsvana,Botswana,Botswana,Botswana,Botswana,Botswana,Botswana,博茨瓦纳,Botswana,botswana,Botswana,Botswana,Botswana,Μποτσουάνα,ボツワナ,보츠와나
Republic of the Congo,კონგოს რესპუბლიკა,Kongo Cumhuriyeti,République du Congo,Republik Kongo,República do Congo,Republiek Congo,República del Congo,Repubblica del Congo,刚果民主共和国,Republikken Kongo,Republiken Kongo,Republik Congo,Konžská republika,Republika Konga,Δημοκρατία του Κονγκό,コンゴ共和国,콩고 공화국
Northern Cyprus,ჩრდილოეთ კვიპროსის,Kuzey Kıbrıs,Chypre du Nord,Nord-Zypern,Norte do Chipre,Noord-Cyprus,El norte de Chipre,Cipro del Nord,北塞浦路斯,Nord-Kypros,norra Cypern,Nordcypern,Severní Kypr,Północny Cypr,Βόρεια Κύπρος,北キプロス,북 키프로스
Djibouti,ჯიბუტი,Cibuti,Djibouti,Dschibuti,Djibouti,Djibouti,Djibouti,Gibuti,吉布提,Djibouti,Djibouti,Djibouti,Džibutsko,Dżibuti,Τζιμπουτί,ジブチ,지부티
Eritrea,ერიტრეა,Eritre,Érythrée,Eritrea,Eritrea,Eritrea,Eritrea,l'Eritrea,厄立特里亚,Eritrea,Eritrea,Eritrea,Eritrea,Erytrea,Ερυθραία,エリトリア,에리트레아
Fiji,ფიჯი,Fiji,Fidji,Fidschi,Fiji,Fiji,Fiji,Fiji,斐,Fiji,Fiji,Fiji,Fiji,Fidżi,Φίτζι,フィジー,피지
Falkland Islands,ფოლკლენდის კუნძულები,Falkland adaları,les îles Falkland,Falkland Inseln,Ilhas Falkland,Falkland Eilanden,Islas Malvinas,Isole Falkland,福克兰群岛,Falklandsøyene,Falklandsöarna,Falklandsøerne,Falklandy,Falklandy,νησιά Φώκλαντ,フォークランド諸島,포클랜드 제도
Gambia,გამბია,Gambiya,Gambie,Gambia,Gâmbia,Gambia,Gambia,Gambia,冈比亚,Gambia,Gambia,Gambia,Gambie,Gambia,Γκάμπια,ガンビア,감비아
Guinea Bissau,გვინეა-ბისაუ,Gine Bissau,la Guinée-Bissau,Guinea-Bissau,Guiné-Bissau,Guinee-Bissau,Guinea Bissau,Guinea-Bissau,几内亚比绍,Guinea Bissau,Guinea-Bissau,Guinea-Bissau,Guinea Bissau,Gwinea Bissau,Γουινέα Μπισάου,ギニアビサウ,기니 비사우
Greenland,გრენლანდია,Grönland,Groenland,Grönland,Groenlândia,Groenland,Groenlandia,Groenlandia,格陵兰,Grønland,Grönland,Grønland,Grónsko,Grenlandia,Γροιλανδία,グリーンランド,그린 랜드
Haiti,ჰაიტი,Haiti,Haïti,Haiti,Haiti,Haïti,Haití,Haiti,海地,Haiti,haiti,Haiti,Haiti,Haiti,Αΐτη,ハイチ,아이티
Kyrgyzstan,ყირგიზეთი,Kırgızistan,Kirghizistan,Kirgisistan,Quirguistão,Kirgizië,Kirguizistán,Kyrgyzstan,吉尔吉斯斯坦,Kirgisistan,Kirgizistan,Kirgisistan,Kyrgyzstán,Kirgistan,Κιργιστάν,キルギス,키르기스스탄
Laos,ლაოსი,Laos,Laos,Laos,Laos,Laos,Laos,Laos,老挝,Laos,laos,Laos,Laos,Laos,Λάος,ラオス,라오스
Liberia,ლიბერია,Liberya,Libéria,Liberia,Libéria,Liberia,Liberia,Liberia,利比里亚,Liberia,liberia,Liberia,Libérie,Liberia,Λιβερία,リベリア,라이베리아
Libya,ლიბია,Libya,Libye,Libyen,Líbia,Libië,Libia,Libia,利比亚,Libya,libyen,Libyen,Libye,Libia,Λιβύη,リビア,리비아
Lesotho,ლესოტო,Lesotho,Lesotho,Lesotho,Lesoto,Lesotho,Lesoto,Lesoto,莱索托,Lesotho,lesotho,Lesotho,Lesotho,Lesotho,Λεσόθο,レソト,레소토
Madagascar,მადაგასკარი,Madagaskar,Madagascar,Madagaskar,Madagáscar,Madagascar,Madagascar,Madagascar,马达加斯加,Madagaskar,madagaskar,Madagaskar,Madagaskar,Madagaskar,Μαδαγασκάρη,マダカスカル,마다가스카르
Mali,მალი,Mali,Mali,Mali,Mali,Mali,mali,Mali,马里,Mali,Mali,Mali,Mali,Mali,Μάλι,マリ,말리
Myanmar,მიანმა,Myanmar,Myanmar,Myanmar,Myanmar,Myanmar,Myanmar,Myanmar,缅甸,Myanmar,Myanmar,Myanmar,Myanmar,Myanmar,Μιανμάρ,ビルマ,미얀마
Montenegro,მონტენეგრო,Karadağ,Monténégro,Montenegro,Montenegro,Montenegro,Montenegro,Montenegro,黑山,Montenegro,Montenegro,Montenegro,Černá Hora,Czarnogóra,Μαυροβούνιο,モンテネグロ,몬테네그로
Mozambique,მოზამბიკი,Mozambik,Mozambique,Mosambik,Moçambique,Mozambique,Mozambique,Mozambico,莫桑比克,Mosambik,Moçambique,Mozambique,Mosambik,Mozambik,Μοζαμβίκη,モザンビーク,모잠비크
Malawi,მალავი,Malawi,Malawi,Malawi,Malavi,Malawi,Malawi,Malawi,马拉维,Malawi,Malawi,Malawi,Malawi,Malawi,Μαλάουι,マラウイ,말라위
New Caledonia,ახალი კალედონია,Yeni Kaledonya,Nouvelle Calédonie,Neu-Kaledonien,Nova Caledônia,Nieuw-Caledonië,Nueva Caledonia,Nuova Caledonia,新喀里多尼亚,Ny Caledonia,Nya Kaledonien,Ny Kaledonien,Nová Kaledonie,Nowa Kaledonia,Νέα Καληδονία,ニューカレドニア,뉴 칼레도니아
Niger,ნიგერია,Nijer,Niger,Niger,Níger,Niger,Níger,Niger,尼日尔,Niger,Niger,Niger,Niger,Niger,Νίγηρας,ニジェール,니제르
Nicaragua,ნიკარაგუა,Nikaragua,Nicaragua,Nicaragua,Nicarágua,Nicaragua,Nicaragua,Nicaragua,尼加拉瓜,Nicaragua,nicaragua,Nicaragua,Nikaragua,Nikaragua,Νικαράγουα,ニカラグア,니카라과
Papua New Guinea,პაპუა ახალი გვინეა,Papua Yeni Gine,Papouasie Nouvelle Guinée,Papua Neu-Guinea,Papua Nova Guiné,Papoea-Nieuw-Guinea,Papúa Nueva Guinea,Papua Nuova Guinea,巴布亚新几内亚,Papua Ny-Guinea,Papua Nya Guinea,Papua Ny Guinea,Papua-Nová Guinea,Papua Nowa Gwinea,Παπούα Νέα Γουινέα,パプアニューギニア,파푸아 뉴기니
Puerto Rico,პუერტო რიკო,Porto Riko,Porto Rico,Puerto Rico,Porto Rico,Puerto Rico,Puerto Rico,Porto Rico,波多黎各,Puerto Rico,Puerto Rico,Puerto Rico,Portoriko,Portoryko,Πουέρτο Ρίκο,プエルトリコ,푸에르토 리코
North Korea,ჩრდილოეთ კორეა,Kuzey Kore,Corée du Nord,Nord Korea,Coreia do Norte,Noord Korea,Corea del Norte,Corea del nord,北朝鲜,Nord-Korea,Nordkorea,Nordkorea,Severní Korea,Korea Północna,Βόρεια Κορέα,北朝鮮,북한
Western Sahara,დასავლეთ საჰარას,Batı Sahra,Sahara occidental,Westsahara,Saara Ocidental,Westelijke Sahara,Sahara Occidental,Sahara occidentale,撒哈拉沙漠西部,Vestre Sahara,Västra Sahara,Vestsahara,západní Sahara,Sahara Zachodnia,Δυτική Σαχάρα,西サハラ,서부 사하라
South Sudan,სამხრეთ სუდანი,Güney Sudan,Soudan du sud,Südsudan,Sudão do Sul,Zuid Soedan,Sudán del Sur,Sudan del Sud,南苏丹,Sør-Sudan,södra Sudan,Sydsudan,jižní Súdán,Południowy Sudan,Νότιο Σουδάν,南スーダン,남 수단
Solomon Islands,სოლომონის კუნძულები,Solomon Adaları,Les îles Salomon,Salomon-Inseln,Ilhas Salomão,Solomon eilanden,Islas Salomón,Isole Salomone,所罗门群岛,Solomon øyene,SALOMONÖARNA,Salomonøerne,Solomonovy ostrovy,Wyspy Salomona,Νησιά του Σολομώντα,ソロモン諸島,솔로몬 제도
Sierra Leone,სიერა ლეონე,Sierra Leone,Sierra Leone,Sierra Leone,Serra Leoa,Sierra Leone,Sierra Leona,Sierra Leone,塞拉利昂,Sierra Leone,Sierra Leone,Sierra Leone,Sierra Leone,Sierra Leone,Σιέρρα Λεόνε,シエラレオネ,시에라 리온
El Salvador,ელ-სალვადორი,El Salvador,Le Salvador,El Salvador,El Salvador,El Salvador,El Salvador,El Salvador,萨尔瓦多,El Salvador,El Salvador,El Salvador,El Salvador,Salwador,Ελ Σαλβαδόρ,エルサルバドル,엘살바도르
Somaliland,სომალის მიწა,Somaliland,Somaliland,Somali,Somaliland,Somaliland,Somalilandia,Somaliland,索马里兰,Somaliland,Somali,Somaliland,Somaliland,Somaliland,Σομαλιλάνδη,ソマリランド,소 말릴 란드
Somalia,სომალი,Somali,Somalie,Somalia,Somália,Somalië,Somalia,Somalia,索马里,Somalia,Somalia,Somalia,Somálsko,Somali,Σομαλία,ソマリア,소말리아
Swaziland,სვაზილენდი,Svaziland,Swaziland,Swasiland,Suazilândia,Swaziland,Swazilandia,Swaziland,斯威士兰,Swaziland,Swaziland,Swaziland,Svazijsko,Suazi,Σουαζιλάνδη,スワジランド,스와질랜드
Syria,სირია,Suriye,Syrie,Syrien,Síria,Syrië,Siria,Siria,叙利亚,Syria,syrien,Syrien,Sýrie,Syria,Συρία,シリア,시리아
Chad,ჩადი,Çad,Tchad,Tschad,Chade,Tsjaad,Chad,Chad,乍得,Tsjad,Chad,Tchad,Chad,Czad,Τσαντ,チャド,차드
Tajikistan,ტაჯიკეთი,Tacikistan,Tadjikistan,Tadschikistan,Tadjiquistão,Tadzjikistan,Tayikistán,Tajikistan,塔吉克斯坦,Tadsjikistan,Tadzjikistan,Tadsjikistan,Tádžikistán,Tadżykistan,Τατζικιστάν,タジキスタン,타지키스탄
Turkmenistan,თურქმენეთი,Türkmenistan,Turkménistan,Turkmenistan,Turcomenistão,Turkmenistan,Turkmenistán,Turkmenistan,土库曼斯坦,Turkmenistan,Turkmenistan,Turkmenistan,Turkmenistán,Turkmenia,Τουρκμενιστάν,トルクメニスタン,투르크 메니스탄
East Timor,აღმოსავლეთ ტიმორი,Doğu Timor,Timor oriental,Osttimor,Timor Leste,Oost Timor,Timor del Este,Timor Est,东帝汶,Øst-Timor,Östtimor,Øst Timor,Východní Timor,Wschodni Timor,Ανατολικό Τιμόρ,東ティモール,동 티모르
United Republic of Tanzania,ტანზანიის გაერთიანებული რესპუბლიკა,Tanzanya Birleşik Cumhuriyeti,République-Unie de Tanzanie,Vereinigte Republik Tansania,República Unida da Tanzânia,Verenigde Republiek Tanzania,República Unida de Tanzania,Repubblica Unita di Tanzania,坦桑尼亚联合共和国,Tanzania,Tanzania,Forenede Republik Tanzania,Tanzánie,Zjednoczona Republika Tanzanii,Ενωμένη Δημοκρατία της Τανζανίας,タンザニア連合共和国,탄자니아 연합 공화국
Uganda,უგანდა,Uganda,Ouganda,Uganda,Uganda,Oeganda,Uganda,Uganda,乌干达,Uganda,Uganda,Uganda,Uganda,Uganda,Ουγκάντα,ウガンダ,우간다
Vanuatu,ვანუატუ,Vanuatu,Vanuatu,Vanuatu,Vanuatu,Vanuatu,Vanuatu,Vanuatu,瓦努阿图,Vanuatu,Vanuatu,Vanuatu,Vanuatu,Vanuatu,Βανουάτου,バヌアツ,바누아투
West Bank,დასავლეთ სანაპირო,Batı Bankası,banque de l'Ouest,Westjordanland,Cisjordânia,Westoever,Banco Oeste,Cisgiordania,西方银行,Vestbanken,Västbanken,vest Bank,západní banka,Bank Zachodni,Δυτική τράπεζα,西岸,웨스트 뱅크
Yemen,იემენი,Yemen,Yémen,Jemen,Iémen,Jemen,Yemen,yemen,也门,Jemen,jemen,Yemen,Jemen,Jemen,Γέμενη,イエメン,예멘
Zambia,ზამბია,Zambiya,Zambie,Sambia,Zâmbia,Zambia,Zambia,Zambia,赞比亚,Zambia,zambia,Zambia,Zambie,Zambia,Ζάμπια,ザンビア,잠비아
Zimbabwe,ზიმბაბვე,Zimbabve,Zimbabwe,Zimbabwe,Zimbábue,Zimbabwe,Zimbabue,Zimbabwe,津巴布韦,Zimbabwe,Zimbabwe,Zimbabwe,Zimbabwe,Zimbabwe,Ζιμπάμπουε,ジンバブエ,짐바브웨
Namibia,ნამიბია,Namibya,Namibie,Namibia,Namíbia,Namibië,Namibia,Namibia,纳米比亚,Namibia,Namibia,Namibia,Namibie,Namibia,Ναμίμπια,ナミビア,나미비아
Central African Republic,ცენტ. აფრ. რესპ.,Orta Afrika Cumhuriyeti,République centrafricaine,Zentralafrikanische Republik,República Centro-Africano,Centraal Afrikaanse Republiek,República Centroafricana,Repubblica Centrafricana,中非共和国,Den sentralafrikanske republikk,Centralafrikanska republiken,Den Centralafrikanske Republik,Středoafrická republika,Republika Środkowoafrykańska,Δημοκρατία Κεντρικής Αφρικής,中央アフリカ共和国,중앙 아프리카 공화국
Ghana,განა,Gana,Ghana,Ghana,Gana,Ghana,Ghana,Ghana,加纳,Ghana,ghana,Ghana,Ghana,Ghana,Γκάνα,ガーナ,가나
Mauritania,მავრიტანია,Moritanya,Mauritanie,Mauretanien,Mauritânia,Mauritanië,Mauritania,Mauritania,毛里塔尼亚,Mauritania,Mauretanien,Mauretanien,Mauritánie,Mauretania,Μαυριτανία,モーリタニア,모리타니
Kosovo,კოსოვო,Kosova,Kosovo,Kosovo,Kosovo,Kosovo,Kosovo,Kosovo,科索沃,Kosovo,Kosovo,Kosovo,Kosovo,Kosowo,Κοσσυφοπέδιο,コソボ,코소보
rwanda,რუანდა,ruanda,Rwanda,rwanda,Ruanda,Rwanda,Ruanda,Ruanda,卢旺达,Rwanda,rwanda,rwanda,Rwanda,Rwanda,Ρουάντα,ルワンダ,르완다
guatemala,გვატემალა,guatemala,Guatemala,Guatemala,Guatemala,Guatemala,Guatemala,Guatemala,危地马拉,guatemala,guatemala,guatemala,Guatemala,Gwatemala,Γουατεμάλα,グアテマラ,과테말라
uzbekistan,უზბეკეთი,Özbekistan,Uzbekistan,Usbekistan,Uzbequistão,Oezbekistan,Uzbekistán,Uzbekistan,乌兹别克斯坦,Usbekistan,uzbekistan,Usbekistan,uzbekistan,Uzbekistan,Ουζμπεκιστάν,ウズベキスタン,우즈베키스탄
barbados,ბარბადოსი,barbados,barbade,Barbados,barbados,Barbados,barbados,barbados,巴巴多斯,barbados,barbados,barbados,Barbados,Barbados,barbados,バルバドス,바베이도스
martinique,მარტინიკე,martinique,Martinique,Martinique,martinica,martinique,Martinica,MARTINICA,马提尼克,martinique,martinique,Martinique,martinique,Martynika,μαρτινίκα,マルティニーク,마르티니크
seychelles,სეიშელი,seyşeller,les Seychelles,seychelles,seychelles,Seychellen,seychelles,Seychelles,塞舌尔,seychelles,Seychellerna,seychellerne,seychely,Seszele,Σεϋχέλλες,セイシェル,세이셸
trinidad and tobago,ტრინიდადი და ტობაგო,Trinidad ve Tobago,Trinité-et-Tobago,Trinidad und Tobago,Trinidad e Tobago,Trinidad en Tobago,Trinidad y Tobago,Trinidad e Tobago,特立尼达和多巴哥,Trinidad og Tobago,Trinidad och Tobago,Trinidad og Tobago,Trinidad a Tobago,Trynidad i Tobago,Τρινιντάντ και Τομπάγκο,トリニダード・トバゴ,트리니다드 토바고
the gambia,გამბია,Gambiya,gambie,die gambia,Gâmbia,Gambia,Gambia,Gambia,冈比亚,Gambia,gambia,Gambia,Gambie,Gambia,η Γκάμπια,ガンビア,감비아
